{
  "version": 1,
  "canvases": {
    "docs/account-management/reconciliation-redesign.canvas": {
      "1": {
        "nodeId": "node-1782315770978-0",
        "viewport": {
          "x": 2435.0553191489357,
          "y": -1039.573563829787,
          "zoom": 0.9386170212765955
        }
      },
      "`": {
        "nodeId": "node-1782315770978-0",
        "viewport": {
          "x": 1068.9585688604905,
          "y": 615.0346728495589,
          "zoom": 0.2842944829827117
        }
      }
    }
  }
}
